DATAFLOW,LAST UPDATE,freq,unit,na_item,geo,TIME_PERIOD,OBS_VALUE,OBS_FLAG
ESTAT:NAMA_10_GDP(1.0),03/01/23 23:00:00,A,CP_MEUR,B1GQ,AT,2012,318653.0,
ESTAT:NAMA_10_GDP(1.0),03/01/23 23:00:00,A,CP_MEUR,B1GQ,AT,2013,323910.2,
ESTAT:NAMA_10_GDP(1.0),03/01/23 23:00:00,A,CP_MEUR,B1GQ,AT,2014,333146.1,
ESTAT:NAMA_10_GDP(1.0),03/01/23 23:00:00,A,CP_MEUR,B1GQ,AT,2015,344269.2,
ESTAT:NAMA_10_GDP(1.0),03/01/23 23:00:00,A,CP_MEUR,B1GQ,AT,2016,357608.0,
ESTAT:NAMA_10_GDP(1.0),03/01/23 23:00:00,A,CP_MEUR,B1GQ,AT,2017,369361.9,
ESTAT:NAMA_10_GDP(1.0),03/01/23 23:00:00,A,CP_MEUR,B1GQ,AT,2018,385274.1,
ESTAT:NAMA_10_GDP(1.0),03/01/23 23:00:00,A,CP_MEUR,B1GQ,AT,2019,397169.5,
ESTAT:NAMA_10_GDP(1.0),03/01/23 23:00:00,A,CP_MEUR,B1GQ,AT,2020,381042.5,
ESTAT:NAMA_10_GDP(1.0),03/01/23 23:00:00,A,CP_MEUR,B1GQ,BE,2012,386174.7,
ESTAT:NAMA_10_GDP(1.0),03/01/23 23:00:00,A,CP_MEUR,B1GQ,BE,2013,392880.0,
ESTAT:NAMA_10_GDP(1.0),03/01/23 23:00:00,A,CP_MEUR,B1GQ,BE,2014,403003.3,
ESTAT:NAMA_10_GDP(1.0),03/01/23 23:00:00,A,CP_MEUR,B1GQ,BE,2015,416701.4,
ESTAT:NAMA_10_GDP(1.0),03/01/23 23:00:00,A,CP_MEUR,B1GQ,BE,2016,430085.3,
ESTAT:NAMA_10_GDP(1.0),03/01/23 23:00:00,A,CP_MEUR,B1GQ,BE,2017,445050.1,
ESTAT:NAMA_10_GDP(1.0),03/01/23 23:00:00,A,CP_MEUR,B1GQ,BE,2018,460050.8,
ESTAT:NAMA_10_GDP(1.0),03/01/23 23:00:00,A,CP_MEUR,B1GQ,BE,2019,478645.0,
ESTAT:NAMA_10_GDP(1.0),03/01/23 23:00:00,A,CP_MEUR,B1GQ,BE,2020,459826.3,p
ESTAT:NAMA_10_GDP(1.0),03/01/23 23:00:00,A,CP_MEUR,B1GQ,BG,2012,42256.8,
ESTAT:NAMA_10_GDP(1.0),03/01/23 23:00:00,A,CP_MEUR,B1GQ,BG,2013,42050.2,
ESTAT:NAMA_10_GDP(1.0),03/01/23 23:00:00,A,CP_MEUR,B1GQ,BG,2014,43026.0,
ESTAT:NAMA_10_GDP(1.0),03/01/23 23:00:00,A,CP_MEUR,B1GQ,BG,2015,45812.3,
ESTAT:NAMA_10_GDP(1.0),03/01/23 23:00:00,A,CP_MEUR,B1GQ,BG,2016,48773.1,
ESTAT:NAMA_10_GDP(1.0),03/01/23 23:00:00,A,CP_MEUR,B1GQ,BG,2017,52531.3,
ESTAT:NAMA_10_GDP(1.0),03/01/23 23:00:00,A,CP_MEUR,B1GQ,BG,2018,56224.8,
ESTAT:NAMA_10_GDP(1.0),03/01/23 23:00:00,A,CP_MEUR,B1GQ,BG,2019,61558.5,
ESTAT:NAMA_10_GDP(1.0),03/01/23 23:00:00,A,CP_MEUR,B1GQ,BG,2020,61638.9,
ESTAT:NAMA_10_GDP(1.0),03/01/23 23:00:00,A,CP_MEUR,B1GQ,CH,2012,534012.8,
ESTAT:NAMA_10_GDP(1.0),03/01/23 23:00:00,A,CP_MEUR,B1GQ,CH,2013,531729.1,
ESTAT:NAMA_10_GDP(1.0),03/01/23 23:00:00,A,CP_MEUR,B1GQ,CH,2014,548014.5,
ESTAT:NAMA_10_GDP(1.0),03/01/23 23:00:00,A,CP_MEUR,B1GQ,CH,2015,625532.7,
ESTAT:NAMA_10_GDP(1.0),03/01/23 23:00:00,A,CP_MEUR,B1GQ,CH,2016,621765.1,
ESTAT:NAMA_10_GDP(1.0),03/01/23 23:00:00,A,CP_MEUR,B1GQ,CH,2017,615776.3,
ESTAT:NAMA_10_GDP(1.0),03/01/23 23:00:00,A,CP_MEUR,B1GQ,CH,2018,614304.4,
ESTAT:NAMA_10_GDP(1.0),03/01/23 23:00:00,A,CP_MEUR,B1GQ,CH,2019,644443.2,
ESTAT:NAMA_10_GDP(1.0),03/01/23 23:00:00,A,CP_MEUR,B1GQ,CH,2020,648913.3,
ESTAT:NAMA_10_GDP(1.0),03/01/23 23:00:00,A,CP_MEUR,B1GQ,CY,2012,19495.4,
ESTAT:NAMA_10_GDP(1.0),03/01/23 23:00:00,A,CP_MEUR,B1GQ,CY,2013,18040.3,
ESTAT:NAMA_10_GDP(1.0),03/01/23 23:00:00,A,CP_MEUR,B1GQ,CY,2014,17482.8,
ESTAT:NAMA_10_GDP(1.0),03/01/23 23:00:00,A,CP_MEUR,B1GQ,CY,2015,17944.2,
ESTAT:NAMA_10_GDP(1.0),03/01/23 23:00:00,A,CP_MEUR,B1GQ,CY,2016,19013.8,
ESTAT:NAMA_10_GDP(1.0),03/01/23 23:00:00,A,CP_MEUR,B1GQ,CY,2017,20312.4,
ESTAT:NAMA_10_GDP(1.0),03/01/23 23:00:00,A,CP_MEUR,B1GQ,CY,2018,21675.1,
ESTAT:NAMA_10_GDP(1.0),03/01/23 23:00:00,A,CP_MEUR,B1GQ,CY,2019,23176.2,
ESTAT:NAMA_10_GDP(1.0),03/01/23 23:00:00,A,CP_MEUR,B1GQ,CY,2020,21894.9,
ESTAT:NAMA_10_GDP(1.0),03/01/23 23:00:00,A,CP_MEUR,B1GQ,CZ,2012,162587.5,
ESTAT:NAMA_10_GDP(1.0),03/01/23 23:00:00,A,CP_MEUR,B1GQ,CZ,2013,159461.5,
ESTAT:NAMA_10_GDP(1.0),03/01/23 23:00:00,A,CP_MEUR,B1GQ,CZ,2014,157821.3,
ESTAT:NAMA_10_GDP(1.0),03/01/23 23:00:00,A,CP_MEUR,B1GQ,CZ,2015,169558.2,
ESTAT:NAMA_10_GDP(1.0),03/01/23 23:00:00,A,CP_MEUR,B1GQ,CZ,2016,177438.5,
ESTAT:NAMA_10_GDP(1.0),03/01/23 23:00:00,A,CP_MEUR,B1GQ,CZ,2017,194132.9,
ESTAT:NAMA_10_GDP(1.0),03/01/23 23:00:00,A,CP_MEUR,B1GQ,CZ,2018,210970.5,
ESTAT:NAMA_10_GDP(1.0),03/01/23 23:00:00,A,CP_MEUR,B1GQ,CZ,2019,225613.5,
ESTAT:NAMA_10_GDP(1.0),03/01/23 23:00:00,A,CP_MEUR,B1GQ,CZ,2020,215805.4,
ESTAT:NAMA_10_GDP(1.0),03/01/23 23:00:00,A,CP_MEUR,B1GQ,DE,2012,2745310.0,
ESTAT:NAMA_10_GDP(1.0),03/01/23 23:00:00,A,CP_MEUR,B1GQ,DE,2013,2811350.0,
ESTAT:NAMA_10_GDP(1.0),03/01/23 23:00:00,A,CP_MEUR,B1GQ,DE,2014,2927430.0,
ESTAT:NAMA_10_GDP(1.0),03/01/23 23:00:00,A,CP_MEUR,B1GQ,DE,2015,3026180.0,
ESTAT:NAMA_10_GDP(1.0),03/01/23 23:00:00,A,CP_MEUR,B1GQ,DE,2016,3134740.0,
ESTAT:NAMA_10_GDP(1.0),03/01/23 23:00:00,A,CP_MEUR,B1GQ,DE,2017,3267160.0,
ESTAT:NAMA_10_GDP(1.0),03/01/23 23:00:00,A,CP_MEUR,B1GQ,DE,2018,3365450.0,
ESTAT:NAMA_10_GDP(1.0),03/01/23 23:00:00,A,CP_MEUR,B1GQ,DE,2019,3473260.0,p
ESTAT:NAMA_10_GDP(1.0),03/01/23 23:00:00,A,CP_MEUR,B1GQ,DE,2020,3405430.0,p
ESTAT:NAMA_10_GDP(1.0),03/01/23 23:00:00,A,CP_MEUR,B1GQ,DK,2012,254578.0,
ESTAT:NAMA_10_GDP(1.0),03/01/23 23:00:00,A,CP_MEUR,B1GQ,DK,2013,258742.7,
ESTAT:NAMA_10_GDP(1.0),03/01/23 23:00:00,A,CP_MEUR,B1GQ,DK,2014,265757.0,
ESTAT:NAMA_10_GDP(1.0),03/01/23 23:00:00,A,CP_MEUR,B1GQ,DK,2015,273017.6,
ESTAT:NAMA_10_GDP(1.0),03/01/23 23:00:00,A,CP_MEUR,B1GQ,DK,2016,283109.7,
ESTAT:NAMA_10_GDP(1.0),03/01/23 23:00:00,A,CP_MEUR,B1GQ,DK,2017,294808.2,
ESTAT:NAMA_10_GDP(1.0),03/01/23 23:00:00,A,CP_MEUR,B1GQ,DK,2018,302328.7,
ESTAT:NAMA_10_GDP(1.0),03/01/23 23:00:00,A,CP_MEUR,B1GQ,DK,2019,309526.4,
ESTAT:NAMA_10_GDP(1.0),03/01/23 23:00:00,A,CP_MEUR,B1GQ,DK,2020,311759.7,
ESTAT:NAMA_10_GDP(1.0),03/01/23 23:00:00,A,CP_MEUR,B1GQ,EE,2012,17916.7,
ESTAT:NAMA_10_GDP(1.0),03/01/23 23:00:00,A,CP_MEUR,B1GQ,EE,2013,18910.8,
ESTAT:NAMA_10_GDP(1.0),03/01/23 23:00:00,A,CP_MEUR,B1GQ,EE,2014,20048.2,
ESTAT:NAMA_10_GDP(1.0),03/01/23 23:00:00,A,CP_MEUR,B1GQ,EE,2015,20631.4,
ESTAT:NAMA_10_GDP(1.0),03/01/23 23:00:00,A,CP_MEUR,B1GQ,EE,2016,21747.9,
ESTAT:NAMA_10_GDP(1.0),03/01/23 23:00:00,A,CP_MEUR,B1GQ,EE,2017,23833.6,
ESTAT:NAMA_10_GDP(1.0),03/01/23 23:00:00,A,CP_MEUR,B1GQ,EE,2018,25932.2,
ESTAT:NAMA_10_GDP(1.0),03/01/23 23:00:00,A,CP_MEUR,B1GQ,EE,2019,27764.7,
ESTAT:NAMA_10_GDP(1.0),03/01/23 23:00:00,A,CP_MEUR,B1GQ,EE,2020,27465.0,
ESTAT:NAMA_10_GDP(1.0),03/01/23 23:00:00,A,CP_MEUR,B1GQ,EL,2012,188380.6,
ESTAT:NAMA_10_GDP(1.0),03/01/23 23:00:00,A,CP_MEUR,B1GQ,EL,2013,179884.4,
ESTAT:NAMA_10_GDP(1.0),03/01/23 23:00:00,A,CP_MEUR,B1GQ,EL,2014,177236.0,
ESTAT:NAMA_10_GDP(1.0),03/01/23 23:00:00,A,CP_MEUR,B1GQ,EL,2015,176368.9,
ESTAT:NAMA_10_GDP(1.0),03/01/23 23:00:00,A,CP_MEUR,B1GQ,EL,2016,174494.2,
ESTAT:NAMA_10_GDP(1.0),03/01/23 23:00:00,A,CP_MEUR,B1GQ,EL,2017,176903.4,
ESTAT:NAMA_10_GDP(1.0),03/01/23 23:00:00,A,CP_MEUR,B1GQ,EL,2018,179557.7,
ESTAT:NAMA_10_GDP(1.0),03/01/23 23:00:00,A,CP_MEUR,B1GQ,EL,2019,183351.2,
ESTAT:NAMA_10_GDP(1.0),03/01/23 23:00:00,A,CP_MEUR,B1GQ,EL,2020,165405.9,p
ESTAT:NAMA_10_GDP(1.0),03/01/23 23:00:00,A,CP_MEUR,B1GQ,ES,2012,1031104.0,
ESTAT:NAMA_10_GDP(1.0),03/01/23 23:00:00,A,CP_MEUR,B1GQ,ES,2013,1020677.0,
ESTAT:NAMA_10_GDP(1.0),03/01/23 23:00:00,A,CP_MEUR,B1GQ,ES,2014,1032608.0,
ESTAT:NAMA_10_GDP(1.0),03/01/23 23:00:00,A,CP_MEUR,B1GQ,ES,2015,1078092.0,
ESTAT:NAMA_10_GDP(1.0),03/01/23 23:00:00,A,CP_MEUR,B1GQ,ES,2016,1114420.0,
ESTAT:NAMA_10_GDP(1.0),03/01/23 23:00:00,A,CP_MEUR,B1GQ,ES,2017,1162492.0,
ESTAT:NAMA_10_GDP(1.0),03/01/23 23:00:00,A,CP_MEUR,B1GQ,ES,2018,1203859.0,
ESTAT:NAMA_10_GDP(1.0),03/01/23 23:00:00,A,CP_MEUR,B1GQ,ES,2019,1245513.0,
ESTAT:NAMA_10_GDP(1.0),03/01/23 23:00:00,A,CP_MEUR,B1GQ,ES,2020,1117989.0,p
ESTAT:NAMA_10_GDP(1.0),03/01/23 23:00:00,A,CP_MEUR,B1GQ,FI,2012,201037.0,
ESTAT:NAMA_10_GDP(1.0),03/01/23 23:00:00,A,CP_MEUR,B1GQ,FI,2013,204321.0,
ESTAT:NAMA_10_GDP(1.0),03/01/23 23:00:00,A,CP_MEUR,B1GQ,FI,2014,206897.0,
ESTAT:NAMA_10_GDP(1.0),03/01/23 23:00:00,A,CP_MEUR,B1GQ,FI,2015,211385.0,
ESTAT:NAMA_10_GDP(1.0),03/01/23 23:00:00,A,CP_MEUR,B1GQ,FI,2016,217518.0,
ESTAT:NAMA_10_GDP(1.0),03/01/23 23:00:00,A,CP_MEUR,B1GQ,FI,2017,226301.0,
ESTAT:NAMA_10_GDP(1.0),03/01/23 23:00:00,A,CP_MEUR,B1GQ,FI,2018,233462.0,
ESTAT:NAMA_10_GDP(1.0),03/01/23 23:00:00,A,CP_MEUR,B1GQ,FI,2019,239858.0,
ESTAT:NAMA_10_GDP(1.0),03/01/23 23:00:00,A,CP_MEUR,B1GQ,FI,2020,238038.0,
ESTAT:NAMA_10_GDP(1.0),03/01/23 23:00:00,A,CP_MEUR,B1GQ,FR,2012,2088804.0,
ESTAT:NAMA_10_GDP(1.0),03/01/23 23:00:00,A,CP_MEUR,B1GQ,FR,2013,2117189.0,
ESTAT:NAMA_10_GDP(1.0),03/01/23 23:00:00,A,CP_MEUR,B1GQ,FR,2014,2149765.0,
ESTAT:NAMA_10_GDP(1.0),03/01/23 23:00:00,A,CP_MEUR,B1GQ,FR,2015,2198432.0,
ESTAT:NAMA_10_GDP(1.0),03/01/23 23:00:00,A,CP_MEUR,B1GQ,FR,2016,2234129.0,
ESTAT:NAMA_10_GDP(1.0),03/01/23 23:00:00,A,CP_MEUR,B1GQ,FR,2017,2297242.0,
ESTAT:NAMA_10_GDP(1.0),03/01/23 23:00:00,A,CP_MEUR,B1GQ,FR,2018,2363306.0,
ESTAT:NAMA_10_GDP(1.0),03/01/23 23:00:00,A,CP_MEUR,B1GQ,FR,2019,2437635.0,
ESTAT:NAMA_10_GDP(1.0),03/01/23 23:00:00,A,CP_MEUR,B1GQ,FR,2020,2310469.0,p
ESTAT:NAMA_10_GDP(1.0),03/01/23 23:00:00,A,CP_MEUR,B1GQ,HR,2012,44621.2,
ESTAT:NAMA_10_GDP(1.0),03/01/23 23:00:00,A,CP_MEUR,B1GQ,HR,2013,44437.1,
ESTAT:NAMA_10_GDP(1.0),03/01/23 23:00:00,A,CP_MEUR,B1GQ,HR,2014,43989.1,
ESTAT:NAMA_10_GDP(1.0),03/01/23 23:00:00,A,CP_MEUR,B1GQ,HR,2015,45257.9,
ESTAT:NAMA_10_GDP(1.0),03/01/23 23:00:00,A,CP_MEUR,B1GQ,HR,2016,47338.7,
ESTAT:NAMA_10_GDP(1.0),03/01/23 23:00:00,A,CP_MEUR,B1GQ,HR,2017,49985.9,
ESTAT:NAMA_10_GDP(1.0),03/01/23 23:00:00,A,CP_MEUR,B1GQ,HR,2018,52747.2,
ESTAT:NAMA_10_GDP(1.0),03/01/23 23:00:00,A,CP_MEUR,B1GQ,HR,2019,55644.4,
ESTAT:NAMA_10_GDP(1.0),03/01/23 23:00:00,A,CP_MEUR,B1GQ,HR,2020,50424.9,
ESTAT:NAMA_10_GDP(1.0),03/01/23 23:00:00,A,CP_MEUR,B1GQ,HU,2012,100247.6,
ESTAT:NAMA_10_GDP(1.0),03/01/23 23:00:00,A,CP_MEUR,B1GQ,HU,2013,102239.7,
ESTAT:NAMA_10_GDP(1.0),03/01/23 23:00:00,A,CP_MEUR,B1GQ,HU,2014,106263.8,
ESTAT:NAMA_10_GDP(1.0),03/01/23 23:00:00,A,CP_MEUR,B1GQ,HU,2015,112791.0,
ESTAT:NAMA_10_GDP(1.0),03/01/23 23:00:00,A,CP_MEUR,B1GQ,HU,2016,116255.7,
ESTAT:NAMA_10_GDP(1.0),03/01/23 23:00:00,A,CP_MEUR,B1GQ,HU,2017,127024.7,
ESTAT:NAMA_10_GDP(1.0),03/01/23 23:00:00,A,CP_MEUR,B1GQ,HU,2018,136054.6,
ESTAT:NAMA_10_GDP(1.0),03/01/23 23:00:00,A,CP_MEUR,B1GQ,HU,2019,146526.1,
ESTAT:NAMA_10_GDP(1.0),03/01/23 23:00:00,A,CP_MEUR,B1GQ,HU,2020,137826.5,
ESTAT:NAMA_10_GDP(1.0),03/01/23 23:00:00,A,CP_MEUR,B1GQ,IE,2012,175615.4,
ESTAT:NAMA_10_GDP(1.0),03/01/23 23:00:00,A,CP_MEUR,B1GQ,IE,2013,179457.6,
ESTAT:NAMA_10_GDP(1.0),03/01/23 23:00:00,A,CP_MEUR,B1GQ,IE,2014,195085.2,
ESTAT:NAMA_10_GDP(1.0),03/01/23 23:00:00,A,CP_MEUR,B1GQ,IE,2015,262975.9,
ESTAT:NAMA_10_GDP(1.0),03/01/23 23:00:00,A,CP_MEUR,B1GQ,IE,2016,270205.3,
ESTAT:NAMA_10_GDP(1.0),03/01/23 23:00:00,A,CP_MEUR,B1GQ,IE,2017,297763.2,
ESTAT:NAMA_10_GDP(1.0),03/01/23 23:00:00,A,CP_MEUR,B1GQ,IE,2018,326631.3,
ESTAT:NAMA_10_GDP(1.0),03/01/23 23:00:00,A,CP_MEUR,B1GQ,IE,2019,356704.6,
ESTAT:NAMA_10_GDP(1.0),03/01/23 23:00:00,A,CP_MEUR,B1GQ,IE,2020,372836.4,
ESTAT:NAMA_10_GDP(1.0),03/01/23 23:00:00,A,CP_MEUR,B1GQ,IS,2012,11479.9,
ESTAT:NAMA_10_GDP(1.0),03/01/23 23:00:00,A,CP_MEUR,B1GQ,IS,2013,12132.9,
ESTAT:NAMA_10_GDP(1.0),03/01/23 23:00:00,A,CP_MEUR,B1GQ,IS,2014,13472.6,
ESTAT:NAMA_10_GDP(1.0),03/01/23 23:00:00,A,CP_MEUR,B1GQ,IS,2015,15795.3,
ESTAT:NAMA_10_GDP(1.0),03/01/23 23:00:00,A,CP_MEUR,B1GQ,IS,2016,18804.2,
ESTAT:NAMA_10_GDP(1.0),03/01/23 23:00:00,A,CP_MEUR,B1GQ,IS,2017,21917.7,
ESTAT:NAMA_10_GDP(1.0),03/01/23 23:00:00,A,CP_MEUR,B1GQ,IS,2018,22241.1,
ESTAT:NAMA_10_GDP(1.0),03/01/23 23:00:00,A,CP_MEUR,B1GQ,IS,2019,22172.6,
ESTAT:NAMA_10_GDP(1.0),03/01/23 23:00:00,A,CP_MEUR,B1GQ,IS,2020,19004.7,
ESTAT:NAMA_10_GDP(1.0),03/01/23 23:00:00,A,CP_MEUR,B1GQ,IT,2012,1624358.7,
ESTAT:NAMA_10_GDP(1.0),03/01/23 23:00:00,A,CP_MEUR,B1GQ,IT,2013,1612751.3,
ESTAT:NAMA_10_GDP(1.0),03/01/23 23:00:00,A,CP_MEUR,B1GQ,IT,2014,1627405.6,
ESTAT:NAMA_10_GDP(1.0),03/01/23 23:00:00,A,CP_MEUR,B1GQ,IT,2015,1655355.0,
ESTAT:NAMA_10_GDP(1.0),03/01/23 23:00:00,A,CP_MEUR,B1GQ,IT,2016,1695786.8,
ESTAT:NAMA_10_GDP(1.0),03/01/23 23:00:00,A,CP_MEUR,B1GQ,IT,2017,1736592.8,
ESTAT:NAMA_10_GDP(1.0),03/01/23 23:00:00,A,CP_MEUR,B1GQ,IT,2018,1771391.2,
ESTAT:NAMA_10_GDP(1.0),03/01/23 23:00:00,A,CP_MEUR,B1GQ,IT,2019,1796648.5,
ESTAT:NAMA_10_GDP(1.0),03/01/23 23:00:00,A,CP_MEUR,B1GQ,IT,2020,1660621.4,
ESTAT:NAMA_10_GDP(1.0),03/01/23 23:00:00,A,CP_MEUR,B1GQ,LT,2012,33410.2,
ESTAT:NAMA_10_GDP(1.0),03/01/23 23:00:00,A,CP_MEUR,B1GQ,LT,2013,35039.5,
ESTAT:NAMA_10_GDP(1.0),03/01/23 23:00:00,A,CP_MEUR,B1GQ,LT,2014,36581.3,
ESTAT:NAMA_10_GDP(1.0),03/01/23 23:00:00,A,CP_MEUR,B1GQ,LT,2015,37345.7,
ESTAT:NAMA_10_GDP(1.0),03/01/23 23:00:00,A,CP_MEUR,B1GQ,LT,2016,38889.9,
ESTAT:NAMA_10_GDP(1.0),03/01/23 23:00:00,A,CP_MEUR,B1GQ,LT,2017,42276.3,
ESTAT:NAMA_10_GDP(1.0),03/01/23 23:00:00,A,CP_MEUR,B1GQ,LT,2018,45515.2,
ESTAT:NAMA_10_GDP(1.0),03/01/23 23:00:00,A,CP_MEUR,B1GQ,LT,2019,48908.2,
ESTAT:NAMA_10_GDP(1.0),03/01/23 23:00:00,A,CP_MEUR,B1GQ,LT,2020,49769.6,
ESTAT:NAMA_10_GDP(1.0),03/01/23 23:00:00,A,CP_MEUR,B1GQ,LU,2012,46526.2,
ESTAT:NAMA_10_GDP(1.0),03/01/23 23:00:00,A,CP_MEUR,B1GQ,LU,2013,49094.5,
ESTAT:NAMA_10_GDP(1.0),03/01/23 23:00:00,A,CP_MEUR,B1GQ,LU,2014,51791.3,
ESTAT:NAMA_10_GDP(1.0),03/01/23 23:00:00,A,CP_MEUR,B1GQ,LU,2015,54142.3,
ESTAT:NAMA_10_GDP(1.0),03/01/23 23:00:00,A,CP_MEUR,B1GQ,LU,2016,56208.1,
ESTAT:NAMA_10_GDP(1.0),03/01/23 23:00:00,A,CP_MEUR,B1GQ,LU,2017,58168.8,
ESTAT:NAMA_10_GDP(1.0),03/01/23 23:00:00,A,CP_MEUR,B1GQ,LU,2018,60121.2,
ESTAT:NAMA_10_GDP(1.0),03/01/23 23:00:00,A,CP_MEUR,B1GQ,LU,2019,62373.6,
ESTAT:NAMA_10_GDP(1.0),03/01/23 23:00:00,A,CP_MEUR,B1GQ,LU,2020,64781.0,
ESTAT:NAMA_10_GDP(1.0),03/01/23 23:00:00,A,CP_MEUR,B1GQ,LV,2012,22097.5,
ESTAT:NAMA_10_GDP(1.0),03/01/23 23:00:00,A,CP_MEUR,B1GQ,LV,2013,22791.3,
ESTAT:NAMA_10_GDP(1.0),03/01/23 23:00:00,A,CP_MEUR,B1GQ,LV,2014,23625.8,
ESTAT:NAMA_10_GDP(1.0),03/01/23 23:00:00,A,CP_MEUR,B1GQ,LV,2015,24572.1,
ESTAT:NAMA_10_GDP(1.0),03/01/23 23:00:00,A,CP_MEUR,B1GQ,LV,2016,25371.3,
ESTAT:NAMA_10_GDP(1.0),03/01/23 23:00:00,A,CP_MEUR,B1GQ,LV,2017,26984.4,
ESTAT:NAMA_10_GDP(1.0),03/01/23 23:00:00,A,CP_MEUR,B1GQ,LV,2018,29153.6,
ESTAT:NAMA_10_GDP(1.0),03/01/23 23:00:00,A,CP_MEUR,B1GQ,LV,2019,30678.6,
ESTAT:NAMA_10_GDP(1.0),03/01/23 23:00:00,A,CP_MEUR,B1GQ,LV,2020,30294.0,
ESTAT:NAMA_10_GDP(1.0),03/01/23 23:00:00,A,CP_MEUR,B1GQ,MT,2012,7364.5,
ESTAT:NAMA_10_GDP(1.0),03/01/23 23:00:00,A,CP_MEUR,B1GQ,MT,2013,7944.3,
ESTAT:NAMA_10_GDP(1.0),03/01/23 23:00:00,A,CP_MEUR,B1GQ,MT,2014,8751.1,
ESTAT:NAMA_10_GDP(1.0),03/01/23 23:00:00,A,CP_MEUR,B1GQ,MT,2015,9996.7,
ESTAT:NAMA_10_GDP(1.0),03/01/23 23:00:00,A,CP_MEUR,B1GQ,MT,2016,10541.1,
ESTAT:NAMA_10_GDP(1.0),03/01/23 23:00:00,A,CP_MEUR,B1GQ,MT,2017,11936.6,
ESTAT:NAMA_10_GDP(1.0),03/01/23 23:00:00,A,CP_MEUR,B1GQ,MT,2018,12951.0,
ESTAT:NAMA_10_GDP(1.0),03/01/23 23:00:00,A,CP_MEUR,B1GQ,MT,2019,14177.9,
ESTAT:NAMA_10_GDP(1.0),03/01/23 23:00:00,A,CP_MEUR,B1GQ,MT,2020,13164.0,
ESTAT:NAMA_10_GDP(1.0),03/01/23 23:00:00,A,CP_MEUR,B1GQ,NL,2012,652966.0,
ESTAT:NAMA_10_GDP(1.0),03/01/23 23:00:00,A,CP_MEUR,B1GQ,NL,2013,660463.0,
ESTAT:NAMA_10_GDP(1.0),03/01/23 23:00:00,A,CP_MEUR,B1GQ,NL,2014,671560.0,
ESTAT:NAMA_10_GDP(1.0),03/01/23 23:00:00,A,CP_MEUR,B1GQ,NL,2015,690008.0,
ESTAT:NAMA_10_GDP(1.0),03/01/23 23:00:00,A,CP_MEUR,B1GQ,NL,2016,708337.0,
ESTAT:NAMA_10_GDP(1.0),03/01/23 23:00:00,A,CP_MEUR,B1GQ,NL,2017,738146.0,
ESTAT:NAMA_10_GDP(1.0),03/01/23 23:00:00,A,CP_MEUR,B1GQ,NL,2018,773987.0,
ESTAT:NAMA_10_GDP(1.0),03/01/23 23:00:00,A,CP_MEUR,B1GQ,NL,2019,813055.0,
ESTAT:NAMA_10_GDP(1.0),03/01/23 23:00:00,A,CP_MEUR,B1GQ,NL,2020,796530.0,
ESTAT:NAMA_10_GDP(1.0),03/01/23 23:00:00,A,CP_MEUR,B1GQ,NO,2012,399069.2,
ESTAT:NAMA_10_GDP(1.0),03/01/23 23:00:00,A,CP_MEUR,B1GQ,NO,2013,395856.8,
ESTAT:NAMA_10_GDP(1.0),03/01/23 23:00:00,A,CP_MEUR,B1GQ,NO,2014,378456.4,
ESTAT:NAMA_10_GDP(1.0),03/01/23 23:00:00,A,CP_MEUR,B1GQ,NO,2015,349756.7,
ESTAT:NAMA_10_GDP(1.0),03/01/23 23:00:00,A,CP_MEUR,B1GQ,NO,2016,335396.5,
ESTAT:NAMA_10_GDP(1.0),03/01/23 23:00:00,A,CP_MEUR,B1GQ,NO,2017,356288.5,
ESTAT:NAMA_10_GDP(1.0),03/01/23 23:00:00,A,CP_MEUR,B1GQ,NO,2018,372657.6,
ESTAT:NAMA_10_GDP(1.0),03/01/23 23:00:00,A,CP_MEUR,B1GQ,NO,2019,365130.5,
ESTAT:NAMA_10_GDP(1.0),03/01/23 23:00:00,A,CP_MEUR,B1GQ,NO,2020,322823.8,
ESTAT:NAMA_10_GDP(1.0),03/01/23 23:00:00,A,CP_MEUR,B1GQ,PL,2012,385389.4,
ESTAT:NAMA_10_GDP(1.0),03/01/23 23:00:00,A,CP_MEUR,B1GQ,PL,2013,388356.4,
ESTAT:NAMA_10_GDP(1.0),03/01/23 23:00:00,A,CP_MEUR,B1GQ,PL,2014,406412.5,
ESTAT:NAMA_10_GDP(1.0),03/01/23 23:00:00,A,CP_MEUR,B1GQ,PL,2015,429834.6,
ESTAT:NAMA_10_GDP(1.0),03/01/23 23:00:00,A,CP_MEUR,B1GQ,PL,2016,424735.3,
ESTAT:NAMA_10_GDP(1.0),03/01/23 23:00:00,A,CP_MEUR,B1GQ,PL,2017,465772.6,
ESTAT:NAMA_10_GDP(1.0),03/01/23 23:00:00,A,CP_MEUR,B1GQ,PL,2018,499004.1,
ESTAT:NAMA_10_GDP(1.0),03/01/23 23:00:00,A,CP_MEUR,B1GQ,PL,2019,532504.7,
ESTAT:NAMA_10_GDP(1.0),03/01/23 23:00:00,A,CP_MEUR,B1GQ,PL,2020,526147.2,
ESTAT:NAMA_10_GDP(1.0),03/01/23 23:00:00,A,CP_MEUR,B1GQ,PT,2012,168295.6,
ESTAT:NAMA_10_GDP(1.0),03/01/23 23:00:00,A,CP_MEUR,B1GQ,PT,2013,170492.3,
ESTAT:NAMA_10_GDP(1.0),03/01/23 23:00:00,A,CP_MEUR,B1GQ,PT,2014,173053.7,
ESTAT:NAMA_10_GDP(1.0),03/01/23 23:00:00,A,CP_MEUR,B1GQ,PT,2015,179713.2,
ESTAT:NAMA_10_GDP(1.0),03/01/23 23:00:00,A,CP_MEUR,B1GQ,PT,2016,186489.8,
ESTAT:NAMA_10_GDP(1.0),03/01/23 23:00:00,A,CP_MEUR,B1GQ,PT,2017,195947.2,
ESTAT:NAMA_10_GDP(1.0),03/01/23 23:00:00,A,CP_MEUR,B1GQ,PT,2018,205184.1,
ESTAT:NAMA_10_GDP(1.0),03/01/23 23:00:00,A,CP_MEUR,B1GQ,PT,2019,214374.6,
ESTAT:NAMA_10_GDP(1.0),03/01/23 23:00:00,A,CP_MEUR,B1GQ,PT,2020,200518.9,
ESTAT:NAMA_10_GDP(1.0),03/01/23 23:00:00,A,CP_MEUR,B1GQ,RO,2012,139319.8,
ESTAT:NAMA_10_GDP(1.0),03/01/23 23:00:00,A,CP_MEUR,B1GQ,RO,2013,142928.9,
ESTAT:NAMA_10_GDP(1.0),03/01/23 23:00:00,A,CP_MEUR,B1GQ,RO,2014,150522.4,
ESTAT:NAMA_10_GDP(1.0),03/01/23 23:00:00,A,CP_MEUR,B1GQ,RO,2015,160287.8,
ESTAT:NAMA_10_GDP(1.0),03/01/23 23:00:00,A,CP_MEUR,B1GQ,RO,2016,167494.3,
ESTAT:NAMA_10_GDP(1.0),03/01/23 23:00:00,A,CP_MEUR,B1GQ,RO,2017,186399.0,
ESTAT:NAMA_10_GDP(1.0),03/01/23 23:00:00,A,CP_MEUR,B1GQ,RO,2018,206071.9,
ESTAT:NAMA_10_GDP(1.0),03/01/23 23:00:00,A,CP_MEUR,B1GQ,RO,2019,224178.6,
ESTAT:NAMA_10_GDP(1.0),03/01/23 23:00:00,A,CP_MEUR,B1GQ,RO,2020,220486.6,
ESTAT:NAMA_10_GDP(1.0),03/01/23 23:00:00,A,CP_MEUR,B1GQ,SE,2012,430037.1,
ESTAT:NAMA_10_GDP(1.0),03/01/23 23:00:00,A,CP_MEUR,B1GQ,SE,2013,441850.7,
ESTAT:NAMA_10_GDP(1.0),03/01/23 23:00:00,A,CP_MEUR,B1GQ,SE,2014,438833.9,
ESTAT:NAMA_10_GDP(1.0),03/01/23 23:00:00,A,CP_MEUR,B1GQ,SE,2015,455494.7,
ESTAT:NAMA_10_GDP(1.0),03/01/23 23:00:00,A,CP_MEUR,B1GQ,SE,2016,466266.5,
ESTAT:NAMA_10_GDP(1.0),03/01/23 23:00:00,A,CP_MEUR,B1GQ,SE,2017,480025.5,
ESTAT:NAMA_10_GDP(1.0),03/01/23 23:00:00,A,CP_MEUR,B1GQ,SE,2018,470673.1,
ESTAT:NAMA_10_GDP(1.0),03/01/23 23:00:00,A,CP_MEUR,B1GQ,SE,2019,476869.5,
ESTAT:NAMA_10_GDP(1.0),03/01/23 23:00:00,A,CP_MEUR,B1GQ,SE,2020,480556.4,
ESTAT:NAMA_10_GDP(1.0),03/01/23 23:00:00,A,CP_MEUR,B1GQ,SI,2012,36253.3,
ESTAT:NAMA_10_GDP(1.0),03/01/23 23:00:00,A,CP_MEUR,B1GQ,SI,2013,36454.3,
ESTAT:NAMA_10_GDP(1.0),03/01/23 23:00:00,A,CP_MEUR,B1GQ,SI,2014,37634.3,
ESTAT:NAMA_10_GDP(1.0),03/01/23 23:00:00,A,CP_MEUR,B1GQ,SI,2015,38852.6,
ESTAT:NAMA_10_GDP(1.0),03/01/23 23:00:00,A,CP_MEUR,B1GQ,SI,2016,40443.2,
ESTAT:NAMA_10_GDP(1.0),03/01/23 23:00:00,A,CP_MEUR,B1GQ,SI,2017,43011.3,
ESTAT:NAMA_10_GDP(1.0),03/01/23 23:00:00,A,CP_MEUR,B1GQ,SI,2018,45876.3,
ESTAT:NAMA_10_GDP(1.0),03/01/23 23:00:00,A,CP_MEUR,B1GQ,SI,2019,48533.1,
ESTAT:NAMA_10_GDP(1.0),03/01/23 23:00:00,A,CP_MEUR,B1GQ,SI,2020,47020.6,
ESTAT:NAMA_10_GDP(1.0),03/01/23 23:00:00,A,CP_MEUR,B1GQ,SK,2012,73649.3,
ESTAT:NAMA_10_GDP(1.0),03/01/23 23:00:00,A,CP_MEUR,B1GQ,SK,2013,74492.8,
ESTAT:NAMA_10_GDP(1.0),03/01/23 23:00:00,A,CP_MEUR,B1GQ,SK,2014,76354.5,
ESTAT:NAMA_10_GDP(1.0),03/01/23 23:00:00,A,CP_MEUR,B1GQ,SK,2015,80126.0,
ESTAT:NAMA_10_GDP(1.0),03/01/23 23:00:00,A,CP_MEUR,B1GQ,SK,2016,81265.2,
ESTAT:NAMA_10_GDP(1.0),03/01/23 23:00:00,A,CP_MEUR,B1GQ,SK,2017,84669.9,
ESTAT:NAMA_10_GDP(1.0),03/01/23 23:00:00,A,CP_MEUR,B1GQ,SK,2018,89874.7,
ESTAT:NAMA_10_GDP(1.0),03/01/23 23:00:00,A,CP_MEUR,B1GQ,SK,2019,94437.5,
ESTAT:NAMA_10_GDP(1.0),03/01/23 23:00:00,A,CP_MEUR,B1GQ,SK,2020,93413.8,
